OverallQual,GrLivArea,GarageCars,TotalBsmtSF,1stFlrSF,FullBath,YearBuilt
5,896,1.0,882.0,896,1,1961
6,1329,1.0,1329.0,1329,1,1958
5,1629,2.0,928.0,928,2,1997
6,1604,2.0,926.0,926,2,1998
8,1280,2.0,1280.0,1280,2,1992
6,1655,2.0,763.0,763,2,1993
6,1187,2.0,1168.0,1187,2,1992
6,1465,2.0,789.0,789,2,1998
7,1341,2.0,1300.0,1341,1,1990
4,882,2.0,882.0,882,1,1970
7,1337,2.0,1405.0,1337,2,1999
6,987,1.0,483.0,483,1,1971
5,1092,1.0,525.0,525,1,1971
6,1456,2.0,855.0,855,2,1975
7,836,1.0,836.0,836,1,1975
9,2334,3.0,1590.0,1627,2,2009
8,1544,3.0,1544.0,1544,2,2009
9,1698,3.0,1698.0,1698,2,2005
8,1822,3.0,1822.0,1822,2,2005
9,2696,3.0,2846.0,2696,2,2003
8,2250,3.0,1671.0,1687,2,2002
8,1370,2.0,1370.0,1370,2,2006
6,1324,2.0,1324.0,1324,2,2005
7,1145,2.0,1145.0,1145,2,2006
7,1374,2.0,384.0,744,2,2004
7,1733,2.0,847.0,847,2,2004
8,2475,3.0,1629.0,1645,2,1998
8,1595,3.0,1595.0,1595,2,2005
7,1218,2.0,1218.0,1218,2,2009
6,1468,2.0,1468.0,1468,2,2005
7,1659,2.0,831.0,831,2,2004
5,1012,1.0,816.0,1012,1,1920
6,1494,2.0,1208.0,1494,2,1974
8,2349,3.0,1231.0,1251,2,1993
8,2225,3.0,1390.0,1402,2,1992
7,1488,2.0,1488.0,1488,2,2004
7,1680,2.0,840.0,840,2,2004
7,1200,2.0,600.0,600,2,2004
7,1200,2.0,600.0,600,2,2004
6,1236,2.0,600.0,600,2,2005
6,1512,2.0,756.0,756,2,2000
7,1080,2.0,530.0,530,2,2003
8,1418,3.0,1642.0,1418,1,2010
8,1848,2.0,975.0,975,2,2000
7,1492,2.0,1492.0,1492,2,2002
6,1829,2.0,1829.0,1829,2,1967
6,2495,2.0,1280.0,1280,2,1993
6,1891,2.0,1224.0,1287,3,1978
6,1645,2.0,715.0,930,1,1971
5,1232,2.0,1232.0,1232,1,1966
5,1209,2.0,1209.0,1209,1,1966
5,1510,2.0,1510.0,1510,2,1967
6,1775,2.0,533.0,1131,2,1964
5,1728,0.0,1728.0,1728,2,1962
5,2461,2.0,1140.0,1929,2,1952
6,1556,2.0,782.0,1019,2,1949
6,1128,1.0,1080.0,1128,1,1966
5,1604,2.0,1604.0,1604,2,1958
7,1480,2.0,1480.0,1480,2,2003
5,1143,1.0,1143.0,1143,1,1959
5,1206,1.0,1206.0,1206,1,1959
6,1580,2.0,1244.0,1580,1,1959
4,1337,1.0,832.0,832,1,1956
5,1064,1.0,864.0,1064,1,1952
5,972,1.0,972.0,972,1,1955
5,988,1.0,988.0,988,1,1958
4,985,2.0,576.0,985,1,1920
6,1224,1.0,816.0,816,1,1948
5,1175,2.0,1175.0,1175,1,1960
6,1395,2.0,1395.0,1395,1,1963
4,1844,1.0,709.0,1157,1,1900
5,936,0.0,936.0,936,1,1920
5,1347,2.0,1347.0,1347,1,1957
6,1251,1.0,827.0,827,1,1938
5,1633,1.0,1027.0,1027,1,1948
5,1245,1.0,1008.0,1060,1,1920
2,832,2.0,678.0,832,1,1923
8,1566,1.0,930.0,930,2,1900
8,2268,2.0,346.0,1157,3,1890
5,2256,0.0,840.0,1128,2,1910
6,1470,2.0,738.0,868,1,1922
5,1612,1.0,988.0,1030,1,1950
7,2068,1.0,1108.0,1160,1,1922
4,765,1.0,765.0,765,1,1925
6,1132,1.0,608.0,608,1,1939
6,1196,2.0,572.0,848,1,1940
5,1453,1.0,835.0,955,1,1942
6,1416,1.0,780.0,780,1,1948
5,1040,2.0,528.0,548,1,1936
5,1536,2.0,928.0,928,2,1930
6,1068,1.0,1124.0,1068,1,1923
4,1962,2.0,888.0,888,1,1915
6,1560,0.0,780.0,780,1,1912
6,1324,1.0,662.0,662,1,1920
5,1675,1.0,1422.0,1675,2,1959
5,1224,1.0,689.0,725,1,1917
5,1392,0.0,1212.0,1212,1,1915
6,919,1.0,600.0,600,1,1940
4,1884,0.0,707.0,942,1,1907
5,1680,2.0,856.0,936,2,1910
4,1832,0.0,1832.0,1832,2,1967
5,892,1.0,864.0,892,1,1966
5,864,1.0,864.0,864,1,1968
5,1373,2.0,1319.0,1373,1,1978
5,1440,2.0,720.0,720,1,1968
7,1483,2.0,1420.0,1483,1,1977
4,756,2.0,660.0,756,1,1927
6,1981,2.0,1117.0,1117,2,1978
3,1610,1.0,972.0,1052,2,1938
6,1074,1.0,663.0,1074,1,1950
4,1531,1.0,756.0,1169,1,1947
5,1172,1.0,1172.0,1172,1,1954
7,1508,2.0,1508.0,1508,1,2009
5,1298,2.0,1250.0,1298,2,1964
7,1433,2.0,1433.0,1433,1,1987
6,1802,4.0,946.0,964,2,1993
7,1222,2.0,1222.0,1222,2,2010
6,1445,2.0,676.0,831,2,1900
5,965,2.0,870.0,965,1,1996
7,1692,2.0,878.0,892,2,1997
5,1026,1.0,1026.0,1026,1,1977
5,876,2.0,876.0,876,1,1972
8,1978,3.0,1978.0,1978,2,2003
7,2098,2.0,1040.0,1044,2,1997
6,848,2.0,848.0,848,1,2003
3,640,1.0,0.0,640,1,1945
5,992,1.0,381.0,992,1,1954
5,1196,1.0,1196.0,1196,1,1968
4,1120,2.0,744.0,792,1,1948
6,1096,1.0,1008.0,1096,1,1975
4,960,0.0,960.0,960,1,1958
5,1296,1.0,1107.0,1296,2,1924
6,856,2.0,856.0,856,1,1939
4,2650,0.0,0.0,862,3,1967
5,1666,0.0,894.0,894,1,1931
7,2133,1.0,1528.0,1225,1,1941
5,2177,2.0,1032.0,1102,2,1950
7,1652,2.0,423.0,896,2,1994
8,1034,2.0,982.0,1034,1,1989
8,1191,2.0,1191.0,1191,2,1989
2,540,1.0,480.0,540,1,1941
6,1107,1.0,629.0,727,1,1921
4,952,1.0,756.0,952,1,1896
8,1646,2.0,1594.0,1646,2,2004
8,1916,3.0,1049.0,1036,2,1998
6,1285,2.0,1243.0,1285,2,1977
6,2048,2.0,1958.0,2048,3,1976
7,1346,3.0,1336.0,1346,2,2008
7,1214,2.0,1214.0,1214,2,2009
5,1444,2.0,384.0,744,2,2006
5,1264,2.0,1068.0,1264,1,1965
5,1430,2.0,1430.0,1430,2,2004
5,1344,2.0,1344.0,1344,2,1999
5,945,1.0,945.0,945,1,1973
4,1092,0.0,546.0,546,1,1970
4,1092,0.0,546.0,546,1,1970
4,1092,1.0,546.0,546,1,1972
5,874,1.0,864.0,874,1,1971
5,833,2.0,833.0,833,1,1984
5,2432,2.0,1216.0,1216,4,1985
5,1274,2.0,624.0,624,1,1991
5,1479,1.0,864.0,864,2,1969
8,1803,2.0,1679.0,1803,2,1994
6,1797,2.0,1152.0,1152,2,1993
6,882,1.0,882.0,882,1,1956
6,1434,2.0,1434.0,1434,2,1974
6,1608,2.0,945.0,945,2,1997
8,2283,3.0,1008.0,1008,2,2003
7,1628,2.0,384.0,958,2,1996
8,2522,2.0,2208.0,2522,2,2004
8,1478,2.0,1418.0,1478,2,1998
8,1734,2.0,1587.0,1734,2,1995
7,1382,2.0,384.0,751,2,1998
6,1636,2.0,952.0,952,2,1998
6,1516,2.0,707.0,707,2,1994
6,1190,2.0,1181.0,1190,2,1993
5,1934,2.0,1122.0,946,2,1977
7,2050,2.0,832.0,1154,2,1978
6,1671,2.0,1427.0,1671,2,1978
7,2673,2.0,1043.0,1539,2,1980
6,1707,2.0,1140.0,1707,2,1978
7,1884,2.0,926.0,1016,2,2003
8,1874,2.0,1058.0,1058,2,2000
8,1811,2.0,972.0,972,2,2002
5,1621,2.0,1621.0,1621,2,1975
6,1116,2.0,1116.0,1116,2,1974
7,1193,2.0,1176.0,1193,2,1975
5,1180,2.0,1180.0,1180,1,1970
5,1050,1.0,1043.0,1050,1,1971
4,864,2.0,864.0,864,1,1970
4,864,2.0,864.0,864,1,1971
6,987,1.0,483.0,483,1,1973
6,987,1.0,483.0,483,1,1972
6,1548,2.0,804.0,804,2,1976
7,1055,2.0,1057.0,1055,2,1975
6,1456,2.0,855.0,855,2,1977
6,1548,2.0,804.0,804,2,1978
6,1456,2.0,855.0,855,2,1978
7,836,1.0,836.0,836,1,1976
5,1120,2.0,864.0,1120,1,1966
9,2772,3.0,1776.0,1794,3,2007
9,2690,3.0,1365.0,1365,2,2009
9,2020,3.0,2020.0,2020,2,2008
10,2674,3.0,2630.0,2674,2,2007
9,1736,3.0,1736.0,1736,2,2008
8,1782,3.0,1782.0,1782,2,2004
8,2520,3.0,1508.0,1508,2,2007
9,1743,3.0,1739.0,1743,2,2008
9,1531,3.0,1504.0,1531,2,2006
9,1808,3.0,1774.0,1808,2,2008
7,1760,2.0,1760.0,1760,2,2003
9,2452,3.0,2452.0,2452,2,2003
8,2400,3.0,1082.0,1105,3,2003
8,1606,3.0,1598.0,1606,2,2006
6,1358,2.0,1358.0,1358,2,2005
6,1306,2.0,1306.0,1306,2,2005
7,1358,2.0,1350.0,1358,2,2007
10,2492,3.0,2492.0,2492,2,2004
8,2200,3.0,2200.0,2200,2,2003
9,1884,2.0,1884.0,1884,2,2008
9,1456,2.0,1451.0,1456,2,2008
8,1712,3.0,1712.0,1712,2,2002
7,1405,2.0,1405.0,1405,2,2003
7,1456,2.0,728.0,728,2,2005
6,1490,2.0,745.0,745,2,2005
7,1220,2.0,1220.0,1220,2,2005
7,1374,2.0,384.0,744,2,2004
7,1630,2.0,868.0,868,2,2004
7,1594,2.0,846.0,846,2,2004
7,1489,2.0,782.0,806,2,2003
7,1342,2.0,698.0,698,2,2003
8,2004,3.0,870.0,878,2,2002
7,1374,2.0,384.0,744,2,2004
6,1514,2.0,794.0,819,2,2000
7,1430,2.0,384.0,774,2,1999
7,2312,3.0,1177.0,1223,2,1999
7,1430,2.0,384.0,774,2,1999
8,2687,3.0,1455.0,1466,2,2000
8,2063,3.0,2024.0,2063,2,1994
7,2061,2.0,1070.0,1094,2,1995
8,2232,2.0,1173.0,1215,2,1993
8,1696,3.0,1696.0,1696,2,2008
8,1658,3.0,1614.0,1658,2,2008
8,1702,3.0,1702.0,1702,2,2007
8,1432,2.0,1422.0,1432,2,2006
9,2490,3.0,2458.0,2490,2,2005
7,1436,2.0,1436.0,1436,2,2008
7,1402,2.0,1402.0,1402,2,2008
9,1530,3.0,1530.0,1530,2,2007
8,1448,2.0,1372.0,1448,2,2006
8,1795,3.0,900.0,909,2,2006
8,1836,2.0,1836.0,1836,2,2008
7,1662,3.0,1652.0,1662,2,2006
7,1553,2.0,1553.0,1553,2,2003
7,1653,2.0,812.0,812,2,2003
7,1218,2.0,1218.0,1218,1,2007
7,1141,2.0,1141.0,1141,1,2006
6,1158,0.0,1158.0,1158,1,2004
7,1812,2.0,835.0,871,2,2004
8,1512,3.0,1512.0,1512,2,2004
7,1114,2.0,1114.0,1114,1,2004
5,1114,0.0,1114.0,1114,1,2004
5,1114,2.0,1114.0,1114,2,2003
7,1450,3.0,1450.0,1450,2,2008
7,2122,2.0,913.0,913,2,1996
6,1730,2.0,816.0,833,2,1992
6,1332,2.0,1332.0,1332,2,1990
7,1540,2.0,754.0,754,2,1994
6,1400,2.0,676.0,698,2,1986
6,1882,2.0,0.0,964,2,1981
5,980,2.0,980.0,980,1,1962
5,864,2.0,864.0,864,1,1961
5,864,1.0,864.0,864,1,1961
5,1020,1.0,1024.0,1020,2,1965
5,912,1.0,912.0,912,1,1963
5,912,1.0,912.0,912,1,1962
8,2014,3.0,2014.0,2014,2,1980
7,1755,2.0,975.0,975,2,1991
7,3005,3.0,1376.0,1376,2,2004
6,1726,2.0,1726.0,1726,2,2008
6,1256,2.0,1145.0,1256,1,2008
6,1512,2.0,756.0,756,2,2000
7,1452,2.0,691.0,713,2,1999
8,1694,2.0,1694.0,1694,2,1977
7,1740,2.0,1740.0,1740,1,1981
8,2499,2.0,392.0,1487,2,1976
7,2067,2.0,752.0,1285,2,1974
6,2640,2.0,932.0,1271,2,1967
5,1336,2.0,1288.0,1336,2,1969
6,1216,1.0,1216.0,1216,1,1969
7,2288,2.0,908.0,1316,1,1977
5,864,1.0,864.0,864,1,1967
5,1568,2.0,1568.0,1568,1,1967
7,2061,2.0,1165.0,1165,2,1974
6,1320,2.0,1232.0,1320,2,1971
4,894,2.0,894.0,894,1,1960
5,864,1.0,864.0,864,1,1959
4,1362,3.0,1040.0,1362,1,1957
5,1728,2.0,1048.0,1728,2,1956
5,1313,2.0,1313.0,1313,1,1961
5,1292,2.0,1292.0,1292,1,1964
5,2140,2.0,744.0,825,2,1965
6,1576,2.0,1208.0,1576,1,1961
5,960,1.0,960.0,960,1,1955
6,1691,2.0,1680.0,1691,1,1967
6,1453,2.0,1453.0,1453,2,1961
6,1567,2.0,1562.0,1567,2,1966
5,1144,1.0,1169.0,1144,1,1956
7,1329,2.0,1329.0,1329,1,1960
6,988,1.0,988.0,988,2,1959
5,1202,1.0,1202.0,1202,1,1956
5,1382,1.0,1382.0,1382,1,1955
4,1200,1.0,1200.0,1200,1,1956
5,1866,2.0,1866.0,1866,2,1958
6,1062,1.0,1062.0,1062,1,1954
5,1112,2.0,631.0,1112,1,1951
5,793,1.0,793.0,793,1,1945
5,1031,1.0,1031.0,1031,1,1952
5,1210,1.0,0.0,1210,1,1953
7,1527,2.0,699.0,801,1,1948
5,1200,1.0,1200.0,1200,1,1950
3,792,1.0,792.0,792,1,1958
5,1352,2.0,676.0,676,2,1939
4,1039,1.0,405.0,717,1,1900
5,1078,1.0,1054.0,1078,1,1925
4,2377,2.0,1313.0,1313,2,1915
7,1690,2.0,560.0,930,2,1910
2,599,0.0,416.0,599,1,1940
5,846,2.0,720.0,846,1,1920
3,725,1.0,630.0,725,1,1890
6,2544,3.0,1248.0,1248,2,1969
6,1380,1.0,1380.0,1380,1,1963
6,1040,2.0,1040.0,1040,1,1967
6,951,2.0,951.0,951,1,1958
6,1105,1.0,1105.0,1105,1,1957
6,1142,1.0,160.0,1142,1,1958
6,1133,2.0,795.0,765,1,1950
5,1041,1.0,1041.0,1041,1,1958
5,732,1.0,732.0,732,1,1952
5,1183,1.0,528.0,1183,1,1959
4,1461,1.0,832.0,832,2,1949
6,1495,2.0,864.0,1064,1,1948
6,1806,2.0,780.0,993,1,1964
5,941,2.0,941.0,941,1,1978
6,1045,1.0,1045.0,1045,1,1963
6,1378,1.0,901.0,861,1,1935
6,1944,2.0,972.0,972,2,1910
5,1306,2.0,240.0,810,1,1910
5,1464,0.0,504.0,764,2,1910
5,1558,2.0,690.0,868,1,1939
4,1701,0.0,600.0,1101,2,1920
5,1447,0.0,801.0,801,1,1910
5,1328,1.0,768.0,768,1,1950
4,861,2.0,861.0,861,1,1920
2,612,1.0,0.0,612,1,1940
5,792,1.0,624.0,792,1,1923
4,1510,2.0,677.0,833,2,1910
6,2007,1.0,917.0,1090,2,1900
6,1288,1.0,624.0,664,1,1917
4,816,0.0,624.0,816,1,1910
6,1480,1.0,972.0,1044,1,1920
6,1521,3.0,741.0,780,1,1910
3,797,0.0,245.0,797,1,1900
6,1432,1.0,1022.0,1432,1,1923
5,1654,1.0,297.0,1001,2,1930
5,1142,1.0,468.0,822,1,1924
5,995,1.0,960.0,995,1,1925
5,1582,1.0,952.0,994,2,1938
5,1072,5.0,1072.0,1072,1,1925
6,1768,2.0,1048.0,1048,2,1915
7,1944,1.0,672.0,1272,2,1915
5,2128,0.0,1040.0,1088,2,1922
6,1930,1.0,720.0,1146,2,1927
6,1427,1.0,483.0,741,1,1915
7,1864,0.0,1020.0,978,2,1902
6,1666,1.0,1204.0,1204,1,1927
4,892,0.0,858.0,892,1,1923
6,1403,1.0,698.0,754,1,1915
4,704,1.0,560.0,704,1,1946
5,1200,0.0,1200.0,1200,3,1987
5,1152,1.0,1152.0,1152,2,1978
5,1112,1.0,585.0,687,2,1934
5,1052,1.0,1052.0,1052,1,1967
6,1034,2.0,456.0,1034,1,1978
5,1774,1.0,552.0,904,2,1961
6,1138,2.0,1138.0,1138,1,1960
5,2071,1.0,825.0,2071,1,1956
2,660,0.0,0.0,660,1,1947
4,1383,2.0,0.0,1383,1,1954
5,1073,1.0,1073.0,1073,1,1956
6,1639,1.0,747.0,892,1,1946
5,1089,1.0,1089.0,1089,1,1954
5,1049,1.0,1049.0,1049,2,1984
7,1061,2.0,1054.0,1061,1,1990
6,1338,2.0,520.0,1338,1,1983
7,1879,2.0,1079.0,1079,2,1993
5,2016,2.0,0.0,1288,1,1880
5,2228,2.0,0.0,1114,2,1979
5,1535,2.0,0.0,1535,2,1979
5,1229,2.0,1094.0,1229,0,1979
5,1513,2.0,0.0,1513,2,1979
7,2787,4.0,1168.0,1168,4,2000
7,2787,4.0,1168.0,1168,4,2000
7,2787,4.0,1168.0,1168,4,2000
9,1680,3.0,1555.0,1680,1,2009
9,1720,3.0,1720.0,1720,2,2008
8,1468,3.0,1468.0,1468,2,2008
8,1838,2.0,1838.0,1838,2,2007
7,1290,2.0,1282.0,1290,2,2007
8,1254,3.0,1254.0,1254,2,2008
8,1498,3.0,1498.0,1498,2,2005
6,1422,2.0,704.0,704,2,2005
7,1759,2.0,1449.0,944,2,1992
5,990,1.0,990.0,990,1,1994
7,1463,2.0,1463.0,1463,2,1998
6,1772,2.0,928.0,928,2,1998
7,1444,2.0,1431.0,1444,2,2002
7,1492,2.0,1492.0,1492,2,2001
5,907,1.0,907.0,907,1,1978
5,914,2.0,914.0,914,1,1979
7,1611,3.0,1569.0,1611,2,2002
8,2184,2.0,1068.0,1068,2,2003
7,1725,2.0,840.0,840,2,2002
7,1870,2.0,944.0,944,2,2001
8,1513,2.0,1462.0,1513,2,1999
8,1828,2.0,1822.0,1828,2,2002
7,1417,2.0,1417.0,1417,2,1997
8,1602,3.0,1578.0,1602,2,2007
6,1396,2.0,608.0,608,2,2007
4,1149,1.0,1014.0,1149,1,1960
6,1072,2.0,547.0,1072,1,2005
4,876,1.0,876.0,876,1,1959
5,1368,1.0,1078.0,1368,1,1950
5,1678,0.0,1678.0,1678,2,1959
5,1560,1.0,1150.0,1560,1,1956
5,1298,1.0,720.0,854,1,1941
5,1268,1.0,832.0,832,1,1938
6,1242,1.0,583.0,647,1,1935
6,1232,2.0,816.0,1232,1,1916
7,1228,1.0,600.0,628,1,1918
5,1567,2.0,840.0,840,1,1940
5,1273,1.0,1273.0,1273,1,1960
7,2480,2.0,920.0,1240,2,1940
5,1112,1.0,1112.0,1112,1,1954
6,1561,2.0,1561.0,1561,2,1960
5,1523,1.0,1067.0,986,2,1949
6,1906,2.0,1310.0,1906,1,1954
6,1032,2.0,516.0,516,1,1980
6,1229,2.0,561.0,561,1,1980
6,1229,2.0,561.0,561,1,1980
6,1982,2.0,572.0,1182,2,1986
7,2365,2.0,1803.0,2365,2,1971
5,2168,2.0,760.0,928,2,1900
4,572,1.0,572.0,572,1,1925
8,1648,2.0,1596.0,1648,2,2007
2,810,1.0,0.0,810,1,1910
8,2052,3.0,1107.0,1040,2,2000
6,926,1.0,902.0,926,1,1977
6,1287,2.0,957.0,1287,1,1977
5,1595,2.0,1582.0,1595,2,1991
9,2036,3.0,2190.0,2036,2,2008
9,1641,3.0,1641.0,1641,2,2008
6,2237,2.0,712.0,1375,2,1980
7,1479,2.0,1645.0,1479,2,1987
7,2014,2.0,912.0,1072,2,2003
9,1978,3.0,1978.0,1978,2,2007
5,1008,1.0,1008.0,1008,1,1968
5,1404,2.0,1188.0,1404,2,1969
5,796,1.0,796.0,796,1,1972
6,1091,1.0,384.0,1091,1,1993
5,883,2.0,828.0,883,1,1992
5,1287,2.0,624.0,624,1,1992
5,1632,2.0,784.0,784,1,1969
6,1604,2.0,926.0,926,2,1997
6,1470,2.0,680.0,680,2,1995
6,1604,2.0,926.0,926,2,1998
6,1636,2.0,916.0,916,2,1996
5,1384,2.0,1348.0,1384,2,1996
8,1682,2.0,1664.0,1682,1,1997
8,1280,2.0,1280.0,1280,2,1992
6,1633,2.0,932.0,932,2,1998
6,1709,2.0,836.0,851,2,1991
8,1337,2.0,1337.0,1337,2,1989
8,2500,3.0,1168.0,1168,3,2005
9,1884,3.0,1884.0,1884,2,2004
6,1474,2.0,1632.0,1474,1,1952
9,1710,2.0,1710.0,1710,2,2007
6,1488,2.0,1488.0,1488,2,1950
7,1688,2.0,1675.0,1688,2,1988
7,1260,2.0,1260.0,1260,2,1983
7,2064,2.0,2048.0,2064,2,1978
7,1782,2.0,1782.0,1782,2,1979
6,1211,2.0,1211.0,1211,2,1976
7,2044,2.0,738.0,1277,2,1980
5,1308,2.0,720.0,720,1,1969
7,2840,4.0,1420.0,1420,2,1978
6,1444,2.0,1444.0,1444,2,1976
8,2340,3.0,1236.0,1236,2,1996
5,1792,2.0,896.0,896,2,1974
4,936,1.0,936.0,936,1,1969
5,864,2.0,864.0,864,1,1971
6,987,1.0,483.0,483,1,1973
6,987,1.0,483.0,483,1,1972
5,1302,1.0,630.0,630,2,1972
6,1456,2.0,855.0,855,2,1975
7,1055,2.0,1055.0,1055,2,1977
8,1582,3.0,1582.0,1582,2,2007
8,2464,3.0,2418.0,2464,2,2007
9,1950,3.0,1950.0,1950,2,2007
9,2748,3.0,1850.0,1850,2,2006
10,2790,4.0,1620.0,1632,2,2005
9,2331,3.0,1414.0,1414,2,2005
8,2088,3.0,948.0,948,2,2007
8,2332,3.0,1148.0,1170,2,2004
10,2470,3.0,2535.0,2470,1,2003
8,1575,3.0,1603.0,1575,2,2003
8,2649,3.0,1479.0,1515,2,2001
8,2690,3.0,1765.0,1804,2,2003
9,1866,3.0,1858.0,1866,2,2008
7,1367,2.0,1367.0,1367,2,2005
9,1800,3.0,1800.0,1800,2,2007
8,1342,2.0,1342.0,1342,2,2006
8,1342,2.0,1342.0,1342,2,2006
7,1626,2.0,764.0,764,2,2003
7,1455,3.0,1415.0,1455,2,2003
7,1576,3.0,1393.0,1576,2,2004
7,1246,2.0,1146.0,1246,2,2007
6,1515,2.0,789.0,813,2,2004
7,1720,2.0,840.0,840,2,2002
7,1986,2.0,847.0,847,2,2003
7,1358,2.0,1350.0,1358,2,2007
7,1892,2.0,982.0,1008,2,2000
7,1414,2.0,707.0,707,2,2002
7,2322,2.0,1037.0,1037,2,1999
7,1651,2.0,831.0,873,2,1999
8,2199,2.0,1173.0,1182,2,1997
9,2172,3.0,1519.0,1533,2,2000
8,2006,3.0,1982.0,2006,2,1998
7,2125,2.0,1064.0,1064,2,1996
8,2501,3.0,1242.0,1251,2,1995
7,2197,3.0,1080.0,1108,2,1993
7,1578,3.0,1578.0,1578,2,2006
8,1861,3.0,1341.0,1341,3,2007
8,1874,3.0,955.0,955,2,2007
8,1460,2.0,1460.0,1460,2,2006
8,1372,2.0,1363.0,1372,2,2007
8,1660,3.0,1660.0,1660,2,2007
7,1218,2.0,1218.0,1218,2,2007
6,1696,2.0,835.0,835,2,2003
7,1663,2.0,835.0,835,2,2003
6,1175,0.0,1175.0,1175,1,2005
7,1162,2.0,1162.0,1162,2,2007
6,1609,2.0,754.0,754,2,1995
6,1680,2.0,886.0,886,2,1993
7,1657,2.0,832.0,832,2,1994
6,1677,2.0,827.0,827,2,2001
7,1737,2.0,836.0,844,2,1992
5,984,1.0,984.0,984,1,1963
5,864,1.0,864.0,864,1,1961
5,890,1.0,890.0,890,1,1968
5,864,1.0,864.0,864,1,1963
6,1430,2.0,1430.0,1430,2,1974
5,1641,2.0,1001.0,1001,2,1972
6,2683,2.0,930.0,1364,2,1990
9,2786,2.0,1848.0,1827,2,1993
7,1245,2.0,1235.0,1245,2,2004
6,1200,2.0,600.0,600,2,2005
7,1392,2.0,689.0,703,2,2007
6,1549,2.0,744.0,757,2,1999
9,1638,2.0,1614.0,1638,2,2000
9,1310,2.0,1310.0,1310,1,2001
9,1419,2.0,1419.0,1419,1,2001
9,1557,2.0,1557.0,1557,2,1999
7,1404,2.0,672.0,684,2,1999
7,1789,2.0,858.0,872,2,2001
8,1586,2.0,960.0,962,2,1999
8,1607,2.0,960.0,962,2,1999
10,2393,2.0,970.0,1469,2,1998
8,1239,2.0,1230.0,1239,1,1995
9,2944,3.0,994.0,1599,2,1977
8,1671,2.0,1426.0,1671,3,1976
7,1812,2.0,952.0,952,2,2002
6,1427,2.0,1427.0,1427,2,1969
6,1740,2.0,1740.0,1740,1,1968
7,1620,2.0,1620.0,1620,2,1967
5,1625,2.0,1625.0,1625,2,1965
5,1464,2.0,732.0,732,1,1968
5,925,2.0,912.0,925,1,1965
5,1728,2.0,1728.0,1728,2,1965
7,1670,2.0,825.0,845,1,1971
5,1014,1.0,0.0,1014,1,1956
5,1114,2.0,1114.0,1114,1,1961
5,1118,1.0,1118.0,1118,1,1960
4,906,1.0,348.0,453,1,1937
5,1496,2.0,1296.0,1496,2,1960
5,1337,1.0,572.0,1337,1,1950
5,1036,1.0,1036.0,1036,1,1953
6,1988,2.0,1104.0,1104,2,1966
5,1176,1.0,1176.0,1176,1,1957
5,1440,1.0,1248.0,1440,2,1959
6,1570,2.0,1395.0,1570,1,1958
5,1104,1.0,1104.0,1104,1,1956
5,882,1.0,720.0,882,1,1952
5,1152,2.0,1152.0,1152,1,1953
5,950,2.0,984.0,950,1,1953
6,1790,2.0,998.0,1790,2,1957
5,1764,1.0,0.0,1764,2,1957
5,1824,2.0,1824.0,1824,2,1957
4,869,1.0,0.0,869,1,1948
5,1159,1.0,747.0,747,1,1925
4,672,1.0,672.0,672,1,1940
5,1436,4.0,892.0,1254,1,1922
5,1044,2.0,912.0,1044,1,1968
7,1312,2.0,1312.0,1312,1,1958
6,1081,1.0,1081.0,1081,1,1960
5,876,2.0,876.0,876,1,1951
5,1256,1.0,1256.0,1256,1,1959
5,1027,1.0,1027.0,1027,1,1962
6,1320,2.0,768.0,819,2,1948
6,984,1.0,936.0,984,1,1954
6,1278,1.0,854.0,854,1,1954
5,1800,0.0,1800.0,1800,2,1961
5,1588,2.0,768.0,1024,1,1955
5,825,1.0,825.0,825,1,1954
5,1117,1.0,1117.0,1117,1,1963
6,1133,1.0,192.0,1133,1,2008
5,1323,2.0,780.0,948,1,1948
5,1360,1.0,680.0,680,1,1910
5,672,1.0,672.0,672,1,1940
6,1456,1.0,728.0,728,1,1915
4,1594,0.0,828.0,828,2,1910
4,1656,2.0,801.0,1095,2,1940
5,1740,1.0,936.0,960,1,1920
7,1027,0.0,931.0,1027,1,1920
6,1436,2.0,884.0,884,2,1940
5,899,1.0,481.0,899,1,1910
5,1080,0.0,684.0,684,1,1890
5,1499,3.0,904.0,904,1,1946
2,407,1.0,407.0,407,1,1946
3,1588,0.0,448.0,1588,2,1949
5,1627,2.0,797.0,830,2,1900
7,1450,1.0,624.0,730,1,1920
5,1017,1.0,346.0,709,1,1900
5,2350,2.0,973.0,1377,2,1920
5,1540,0.0,572.0,884,1,1905
2,1086,2.0,723.0,723,1,1920
7,2495,2.0,1313.0,1313,2,1890
5,984,1.0,984.0,984,1,1959
4,1093,1.0,869.0,1093,1,1958
5,1143,1.0,1008.0,1143,1,1928
7,1668,1.0,672.0,1195,1,1945
5,1738,1.0,1024.0,1144,2,1935
5,1210,1.0,672.0,832,1,1941
6,1290,1.0,554.0,736,1,1900
6,1672,1.0,981.0,1014,1,1940
5,949,2.0,949.0,949,1,1924
6,1497,1.0,825.0,825,2,1937
6,1342,1.0,739.0,874,2,1939
6,1013,1.0,992.0,1013,1,1926
5,1216,1.0,565.0,565,1,1920
4,896,1.0,NA,896,1,1946
4,1136,1.0,704.0,624,1,1929
5,808,1.0,0.0,808,1,1945
7,2009,2.0,989.0,1245,2,1939
5,1902,2.0,1100.0,1226,2,1923
6,1716,2.0,810.0,1170,2,1915
6,1984,1.0,1242.0,1242,2,1910
6,1609,1.0,796.0,825,1,1910
6,768,2.0,768.0,768,1,1930
6,1536,1.0,768.0,768,1,1952
6,1969,2.0,1272.0,1272,2,1938
5,1308,2.0,880.0,880,2,1915
6,1040,2.0,1040.0,1040,1,1925
6,1236,1.0,768.0,788,2,1925
5,759,2.0,451.0,759,1,1912
3,1344,0.0,536.0,808,2,1915
5,1054,1.0,1046.0,1054,1,1947
5,1075,2.0,981.0,1075,1,1963
6,1096,2.0,1008.0,1096,1,1978
5,992,1.0,992.0,992,1,1967
6,1034,2.0,450.0,1034,1,1978
5,1073,1.0,1073.0,1073,1,1967
5,1126,2.0,1060.0,1126,1,1984
5,1140,2.0,1300.0,1140,1,1920
5,960,1.0,960.0,960,1,1963
6,1188,2.0,988.0,1188,1,1956
5,1721,2.0,988.0,1721,2,1960
5,1350,3.0,576.0,864,1,1941
5,904,3.0,864.0,904,1,1970
7,1524,2.0,1524.0,1524,2,1979
7,1079,1.0,570.0,617,1,1948
5,1518,0.0,1580.0,1518,1,1940
5,1509,1.0,1509.0,1509,1,1956
5,864,0.0,864.0,864,1,1975
6,1269,1.0,621.0,621,1,1962
6,2814,2.0,1077.0,1093,2,1995
7,1626,2.0,1602.0,1626,2,1994
7,2200,2.0,812.0,1101,2,1993
7,2037,2.0,672.0,1302,2,1996
7,1356,2.0,628.0,628,2,2007
8,1615,3.0,1615.0,1615,2,2007
9,2276,3.0,2271.0,2276,2,2008
9,1766,3.0,1751.0,1766,2,2008
8,1511,3.0,1401.0,1511,2,1995
6,1643,2.0,1182.0,1643,2,1966
5,990,2.0,990.0,990,1,1994
7,1418,2.0,1418.0,1418,2,1997
6,1771,2.0,864.0,872,2,1997
7,1652,2.0,782.0,782,2,2000
7,1823,2.0,928.0,928,2,2000
5,1174,2.0,864.0,1174,1,1978
5,1076,2.0,1076.0,1076,1,1975
5,1558,2.0,864.0,1558,2,1975
7,2161,2.0,1257.0,1290,2,2001
9,1947,3.0,1357.0,1366,2,2001
8,1786,3.0,1778.0,1786,2,2002
7,2327,2.0,1129.0,1129,2,2003
8,1764,2.0,850.0,886,2,1999
6,848,2.0,848.0,848,1,2004
6,1838,3.0,1838.0,1838,2,1997
7,1445,2.0,1445.0,1445,2,2004
7,1564,3.0,1564.0,1564,2,2007
7,1361,2.0,1351.0,1361,2,2007
5,1092,1.0,1092.0,1092,1,1966
5,1033,2.0,456.0,1033,1,1976
6,1127,2.0,1127.0,1127,1,1976
6,1117,2.0,1029.0,1117,1,1977
6,1398,2.0,684.0,684,1,1976
5,3820,2.0,0.0,3820,3,1959
4,1152,0.0,0.0,1152,2,1955
4,1152,0.0,0.0,1152,2,1955
4,784,0.0,784.0,784,1,1955
5,1053,0.0,585.0,585,1,1938
5,1137,0.0,0.0,929,1,1947
4,930,1.0,911.0,930,1,1953
4,1204,1.0,416.0,1204,1,1954
4,1292,1.0,949.0,949,1,1923
7,1424,1.0,1228.0,1424,2,1921
6,1920,2.0,960.0,960,2,1930
6,1316,1.0,644.0,672,1,1926
6,1264,2.0,676.0,676,1,1914
8,1512,1.0,798.0,798,2,1925
6,1603,2.0,784.0,819,1,1923
5,1938,1.0,942.0,1265,2,1937
5,1374,1.0,884.0,932,1,1938
6,1091,1.0,1091.0,1091,1,1951
8,1873,2.0,608.0,983,1,1935
7,2161,2.0,832.0,1218,2,1950
5,1898,2.0,1898.0,1898,2,1956
6,1032,2.0,516.0,516,1,1980
6,919,1.0,894.0,919,1,1926
6,1090,1.0,720.0,760,1,1940
5,1200,0.0,780.0,780,1,1930
5,1656,1.0,624.0,1092,1,1967
5,912,1.0,520.0,912,1,1930
5,1955,1.0,1151.0,1151,2,1958
1,733,2.0,0.0,733,1,1952
4,1361,1.0,173.0,825,1,1895
4,1049,1.0,356.0,671,1,1910
4,864,1.0,592.0,432,1,1920
8,1648,2.0,1596.0,1648,2,2007
7,1646,2.0,1594.0,1646,2,2004
7,2032,3.0,1840.0,2032,3,1996
7,1820,3.0,910.0,910,2,1996
5,1872,2.0,0.0,936,2,1976
4,1689,2.0,1680.0,1689,2,1991
7,1501,2.0,1277.0,1501,2,1986
8,1537,3.0,1518.0,1537,2,2006
8,1780,2.0,920.0,920,2,2007
5,1442,2.0,352.0,712,2,2006
7,1612,3.0,796.0,796,2,2008
6,1495,2.0,1495.0,1495,2,1989
6,1256,2.0,1256.0,1256,2,1986
8,1440,2.0,1432.0,1440,2,2003
6,1675,2.0,1666.0,1675,2,1999
8,1728,2.0,1884.0,1728,2,2007
8,1964,3.0,1964.0,1964,2,2005
7,1344,4.0,1344.0,1344,2,1997
5,1092,0.0,1092.0,1092,1,2007
6,1189,2.0,1189.0,1189,2,1997
4,1200,3.0,1200.0,1200,1,1964
5,1040,2.0,1040.0,1040,1,1975
5,1475,1.0,550.0,925,2,1976
4,988,1.0,526.0,526,1,1973
4,988,1.0,462.0,526,1,1973
5,1160,1.0,1113.0,1160,1,1968
6,1092,0.0,546.0,546,2,1970
5,816,1.0,816.0,816,1,1983
5,845,1.0,845.0,845,1,1982
5,889,2.0,864.0,889,1,1984
5,1836,1.0,686.0,1150,2,1900
6,1587,2.0,1587.0,1587,2,1971
6,1384,2.0,384.0,754,2,1997
6,1694,2.0,392.0,924,2,1994
6,1714,2.0,923.0,947,2,1999
7,1553,2.0,691.0,691,2,1996
6,2299,2.0,938.0,957,3,1999
7,1187,2.0,1168.0,1187,2,1992
6,1642,2.0,903.0,910,2,1993
6,1128,2.0,1302.0,1128,1,1964
8,1179,2.0,1166.0,1179,2,1988
8,1321,2.0,1312.0,1321,1,1990
8,2541,3.0,1149.0,1164,3,2005
9,2338,3.0,2660.0,2338,2,2006
5,1424,3.0,1100.0,1424,1,1969
9,1612,2.0,1612.0,1612,2,2006
8,2234,2.0,2220.0,2234,1,2006
10,2042,3.0,1742.0,2042,2,2006
6,1284,2.0,1284.0,1284,2,1984
7,1479,2.0,725.0,725,2,1981
7,1664,2.0,1529.0,1664,2,1978
7,1930,2.0,780.0,1085,2,1979
6,1177,2.0,1153.0,1177,2,1984
6,1353,2.0,1259.0,1353,2,1979
6,1220,2.0,1625.0,1220,2,1971
7,1324,2.0,1228.0,1324,2,1976
6,1877,2.0,1084.0,1084,2,1974
5,1422,2.0,925.0,1422,1,1970
5,914,1.0,914.0,914,1,1970
4,914,1.0,914.0,914,1,1961
6,1337,2.0,1337.0,1337,2,2001
6,1337,2.0,1405.0,1337,2,1997
6,1092,1.0,525.0,525,1,1973
6,1218,1.0,672.0,672,1,1973
7,1055,1.0,1061.0,1055,2,1978
5,988,1.0,988.0,988,1,1966
9,1816,3.0,1790.0,1816,2,2006
8,1694,3.0,1694.0,1694,2,2006
8,2122,3.0,2108.0,2122,2,2007
9,2656,3.0,1934.0,1943,2,2007
8,2550,3.0,1108.0,1148,2,2006
10,2046,3.0,1994.0,2046,2,2005
9,2552,3.0,2552.0,2552,2,2007
9,2758,3.0,1704.0,1722,2,2005
10,2290,3.0,2320.0,2290,2,2007
8,2152,2.0,1582.0,1582,2,2007
8,2100,3.0,918.0,958,2,2007
9,1802,3.0,1802.0,1802,2,2006
8,2956,3.0,1706.0,1718,2,2004
8,2385,3.0,1317.0,1217,2,2003
8,1818,3.0,895.0,895,2,2007
7,1614,3.0,1614.0,1614,2,2005
8,1721,2.0,1721.0,1721,2,2005
8,1828,3.0,1298.0,1298,2,2006
6,1302,2.0,1302.0,1302,1,2005
6,1302,2.0,1302.0,1302,1,2005
6,1362,2.0,1362.0,1362,2,2005
8,1554,2.0,1554.0,1554,2,2006
9,1577,2.0,1577.0,1577,2,2005
8,1324,2.0,1324.0,1324,2,2006
7,1405,2.0,1405.0,1405,2,2003
6,1496,2.0,768.0,768,3,2007
6,1536,2.0,768.0,768,2,2005
7,1458,2.0,608.0,608,2,2006
6,1495,2.0,738.0,738,2,2006
6,1746,3.0,698.0,698,2,2006
6,1326,2.0,1326.0,1326,2,2005
6,1504,2.0,752.0,752,2,2007
7,1456,2.0,728.0,728,2,2007
7,1258,2.0,1246.0,1258,2,2007
8,1589,3.0,1406.0,1589,2,2003
7,1266,2.0,1266.0,1266,2,2007
7,1119,2.0,835.0,1119,2,2004
7,1374,2.0,384.0,744,2,2004
7,1525,2.0,1510.0,1525,2,2006
7,1394,2.0,384.0,754,2,2003
7,1948,2.0,847.0,847,2,2003
7,1995,2.0,854.0,864,2,2002
6,1690,2.0,915.0,940,2,2000
6,1644,2.0,941.0,961,2,1999
8,2551,3.0,1779.0,1779,2,1997
9,3078,3.0,1408.0,1671,2,1998
8,2582,3.0,1389.0,1411,2,1998
7,2385,3.0,1066.0,1108,2,1998
8,2202,2.0,1105.0,1105,2,1992
8,2538,3.0,1325.0,1335,2,1996
7,1369,2.0,1369.0,1369,2,2007
8,1542,3.0,1542.0,1542,2,2007
8,1534,2.0,1524.0,1534,2,2006
10,1966,3.0,1966.0,1966,2,2007
7,1528,2.0,1528.0,1528,3,2007
8,1538,2.0,1538.0,1538,2,2005
7,1506,2.0,1494.0,1506,2,2005
7,1977,3.0,982.0,982,2,2006
8,1830,3.0,1302.0,1302,2,2006
8,1338,2.0,1338.0,1338,2,2007
7,1335,2.0,1335.0,1335,2,2006
8,1792,2.0,896.0,896,2,2007
5,1588,2.0,725.0,725,3,2007
8,1880,3.0,955.0,955,2,2007
8,1584,2.0,1574.0,1584,2,2007
8,1685,3.0,1685.0,1685,2,2006
6,2443,3.0,1158.0,1158,2,2004
6,1100,0.0,1100.0,1100,1,2006
7,1143,0.0,1143.0,1143,1,2006
5,1094,2.0,1094.0,1094,1,2003
7,1486,2.0,1461.0,1486,2,2006
6,1820,2.0,864.0,920,2,1993
6,1266,1.0,630.0,630,1,1980
5,894,1.0,894.0,894,1,1977
5,1040,2.0,1040.0,1040,1,1968
7,2503,2.0,1223.0,1271,2,1990
5,1037,2.0,1037.0,1037,1,1974
6,1055,2.0,1044.0,1055,1,1973
8,1378,2.0,1378.0,1378,2,2004
8,1151,2.0,1141.0,1151,2,2006
8,1565,2.0,1511.0,1565,2,2006
7,1352,2.0,1352.0,1352,2,2006
8,1550,2.0,1550.0,1550,2,2006
6,1501,2.0,744.0,757,2,1999
6,1573,2.0,756.0,769,2,2000
7,1358,2.0,1339.0,1358,2,1999
8,2048,2.0,1054.0,1072,2,2003
8,2362,2.0,1220.0,1220,2,1998
8,1494,2.0,1494.0,1494,1,1994
7,2362,2.0,2002.0,2362,2,1980
8,2497,2.0,2461.0,2497,2,1981
6,1152,2.0,912.0,1152,1,1968
6,2411,2.0,1008.0,1403,2,1970
6,1082,2.0,973.0,1082,1,1969
6,1295,2.0,1295.0,1295,1,1968
7,1610,2.0,1124.0,1610,2,1972
7,1594,2.0,1594.0,1594,2,1993
7,2075,2.0,1148.0,1091,2,1993
6,1093,2.0,1093.0,1093,2,1966
6,1052,1.0,1052.0,1052,1,1963
5,1107,1.0,949.0,1107,1,1967
4,1224,3.0,0.0,1224,2,1964
5,1074,2.0,894.0,1074,1,1956
5,1187,2.0,864.0,1187,1,1961
5,964,2.0,964.0,964,1,1961
5,894,1.0,894.0,894,1,1960
7,1200,2.0,1174.0,1200,2,1966
6,1042,2.0,1042.0,1042,2,1965
6,2154,2.0,845.0,845,2,1964
6,1374,1.0,1130.0,1374,1,1964
6,1652,2.0,1592.0,1652,1,1959
5,908,2.0,822.0,908,1,1940
3,666,0.0,666.0,666,1,1946
3,670,0.0,370.0,442,1,1945
5,808,1.0,808.0,808,1,1958
5,1150,1.0,1078.0,1150,1,1955
5,1560,3.0,1560.0,1560,2,1968
5,1280,2.0,793.0,1280,2,1966
6,1254,2.0,1218.0,1254,1,1961
6,936,1.0,936.0,936,1,1957
5,1008,1.0,1008.0,1008,1,1956
5,1053,2.0,1053.0,1053,1,1963
5,1144,1.0,1144.0,1144,1,1960
6,1721,2.0,1331.0,1721,1,1957
5,922,1.0,922.0,922,1,1957
5,1411,1.0,1204.0,1411,1,1955
5,1216,1.0,1216.0,1216,1,1955
5,1154,1.0,864.0,1154,1,1953
5,1560,2.0,1560.0,1560,2,1958
6,948,2.0,948.0,948,1,1952
6,1040,1.0,1040.0,1040,1,1953
5,925,1.0,925.0,925,1,1956
4,1540,1.0,1190.0,1040,1,1955
5,925,1.0,923.0,925,1,1955
4,1647,1.0,1105.0,1647,1,1953
5,924,1.0,924.0,924,1,1952
4,1544,0.0,925.0,1000,2,1890
5,1728,1.0,1216.0,1216,1,1953
5,3086,3.0,666.0,1308,3,1935
4,1281,2.0,1151.0,845,2,1925
5,1534,0.0,736.0,751,1,1895
7,1651,1.0,725.0,1035,2,1963
5,888,1.0,920.0,888,1,1961
6,952,1.0,952.0,952,1,1968
5,1238,1.0,864.0,1238,1,1950
5,1040,1.0,1040.0,1040,1,1959
5,1170,1.0,1170.0,1170,1,1958
5,1242,1.0,1242.0,1242,1,1960
5,1377,1.0,1377.0,1377,1,1960
5,925,1.0,0.0,925,1,1961
5,864,1.0,864.0,864,1,1962
5,936,1.0,896.0,936,1,1962
5,960,2.0,850.0,960,1,1926
6,1296,2.0,845.0,866,1,1927
5,1022,1.0,1022.0,1022,1,1922
5,967,1.0,967.0,967,1,1920
5,1072,2.0,808.0,1072,1,1940
5,1174,2.0,680.0,680,1,1900
4,1141,1.0,570.0,761,1,1900
4,1798,2.0,1075.0,1156,2,1900
8,1772,2.0,725.0,909,2,1910
6,1642,1.0,728.0,914,1,1927
5,1232,2.0,616.0,616,1,1910
6,1650,2.0,926.0,991,2,1910
5,1358,1.0,687.0,687,1,1930
7,2454,2.0,819.0,1312,2,1879
4,968,1.0,0.0,968,1,1956
4,1382,1.0,0.0,1382,2,1949
5,1060,1.0,756.0,916,1,1925
5,1435,1.0,910.0,910,1,1950
5,1274,1.0,728.0,728,2,1939
6,1232,1.0,600.0,608,1,1939
5,884,1.0,884.0,884,1,1939
6,1409,2.0,861.0,861,1,1938
5,1322,1.0,672.0,899,1,1939
5,1426,1.0,966.0,1014,1,1930
5,1281,2.0,756.0,903,1,1926
6,2264,1.0,1100.0,1100,2,1918
6,1376,2.0,768.0,752,1,1920
5,1316,2.0,750.0,960,1,1926
7,1344,2.0,672.0,672,1,1929
5,1173,1.0,592.0,933,2,1901
5,1214,1.0,969.0,969,1,1901
6,2294,2.0,741.0,1497,3,1963
7,1952,1.0,976.0,976,1,1950
6,2180,2.0,1138.0,1138,1,1915
4,1315,2.0,808.0,838,2,1958
4,1484,1.0,771.0,866,2,1910
7,2267,2.0,1005.0,1262,1,1937
5,1282,1.0,672.0,778,1,1942
5,999,1.0,925.0,999,1,1963
5,1452,2.0,1420.0,1452,1,1964
4,1005,2.0,1005.0,1005,1,1964
5,1020,2.0,980.0,1020,2,1964
5,1040,1.0,1040.0,1040,1,1966
5,868,2.0,768.0,868,1,1971
5,897,1.0,876.0,897,1,1968
5,943,2.0,943.0,943,1,1967
5,912,1.0,912.0,912,1,1966
5,1375,1.0,1240.0,1375,1,1956
5,2654,2.0,671.0,1567,3,1920
7,1302,1.0,680.0,798,1,1940
6,1299,2.0,967.0,1299,1,1954
5,1176,1.0,1158.0,1176,1,1958
4,998,2.0,0.0,998,1,1945
6,1522,2.0,1190.0,1522,2,1984
5,1325,2.0,409.0,1325,2,1948
5,1630,2.0,1073.0,1630,2,1953
4,1242,1.0,484.0,1242,1,1946
6,2422,2.0,1288.0,2422,3,1954
6,1626,1.0,988.0,988,1,1954
5,864,1.0,864.0,864,1,1958
4,943,1.0,0.0,943,1,1958
5,1038,1.0,1038.0,1038,2,1984
5,1342,1.0,1342.0,1342,1,1951
5,1480,1.0,1080.0,1080,1,1951
4,1362,1.0,951.0,986,2,1920
6,1822,2.0,1105.0,1105,2,1984
7,1958,2.0,779.0,1029,2,1994
8,1651,3.0,1643.0,1651,2,2007
8,2140,3.0,2140.0,2140,2,2006
8,1651,3.0,1643.0,1651,2,2007
7,1546,3.0,1546.0,1546,2,2005
8,1500,2.0,1489.0,1500,2,2006
7,1270,2.0,1270.0,1270,2,2005
7,1795,2.0,879.0,879,2,2005
7,1873,2.0,929.0,946,2,1988
8,1743,2.0,966.0,1743,0,1976
5,1022,2.0,1022.0,1022,1,1994
6,1308,2.0,635.0,646,2,1997
5,990,1.0,990.0,990,1,1994
5,1097,1.0,1097.0,1097,1,1996
7,1873,2.0,988.0,988,2,1999
7,1753,2.0,853.0,853,2,1998
7,1690,2.0,845.0,845,2,2001
7,1842,2.0,985.0,985,2,2000
5,894,2.0,864.0,894,1,1974
5,1025,2.0,1015.0,1025,2,1976
5,1009,2.0,995.0,1009,2,1977
5,1040,2.0,1040.0,1040,1,1977
5,907,1.0,876.0,907,1,1977
5,879,2.0,864.0,879,1,1975
5,864,2.0,864.0,864,1,1972
4,875,2.0,385.0,875,1,1972
7,1673,2.0,1673.0,1673,2,2000
7,1932,2.0,979.0,992,2,2003
7,1729,2.0,860.0,860,2,2002
8,1592,2.0,1556.0,1592,2,1994
8,2439,2.0,1531.0,1531,2,2001
7,1992,2.0,860.0,1212,2,1996
8,1341,2.0,1341.0,1341,1,1999
7,1476,2.0,738.0,738,2,2007
7,1190,2.0,1169.0,1190,2,2005
6,1330,2.0,1330.0,1330,2,2006
7,1491,2.0,738.0,738,2,2006
5,1536,2.0,768.0,768,2,2005
5,936,1.0,936.0,936,1,1967
4,1088,2.0,1088.0,1088,1,1963
5,1351,2.0,901.0,901,1,1925
6,1179,2.0,1179.0,1179,1,1960
6,1044,2.0,960.0,1044,1,1976
5,2233,2.0,0.0,1100,2,1979
5,1408,2.0,734.0,734,2,2005
10,5095,3.0,5095.0,5095,2,2008
6,1072,2.0,547.0,1072,1,2005
5,960,1.0,960.0,960,1,1959
4,1152,0.0,0.0,1152,2,1955
5,1195,0.0,1195.0,1195,2,1946
6,865,1.0,660.0,740,1,1920
4,768,1.0,768.0,768,1,1955
4,864,2.0,864.0,864,1,1955
5,2592,0.0,1296.0,1296,2,1923
5,1422,1.0,1290.0,1422,1,1926
6,1298,1.0,651.0,759,2,1921
7,1098,1.0,531.0,567,1,1930
6,1436,1.0,585.0,851,1,1921
6,1461,1.0,686.0,686,1,1926
7,1718,2.0,851.0,867,2,1927
5,1226,2.0,0.0,1226,1,1951
4,1755,1.0,930.0,1230,2,1930
5,1355,2.0,728.0,760,2,1941
6,1560,2.0,1560.0,1560,1,1960
6,1488,2.0,1488.0,1488,2,1968
6,1045,2.0,516.0,529,1,1980
4,1680,2.0,1680.0,1680,2,1995
8,1020,2.0,1004.0,1020,1,1988
7,1696,2.0,1696.0,1696,2,1971
8,2726,2.0,279.0,2726,2,1986
6,1215,2.0,720.0,720,1,1940
5,1601,0.0,936.0,936,2,1925
5,1828,NA,859.0,942,2,1923
5,816,1.0,816.0,816,1,1922
2,845,1.0,0.0,640,1,1939
5,1991,0.0,957.0,1034,2,1895
4,1073,2.0,1073.0,1073,1,1957
5,1001,1.0,837.0,1001,1,1930
8,1625,2.0,1573.0,1625,2,2006
6,1299,2.0,1001.0,1299,2,1979
5,1392,3.0,1441.0,1392,2,2002
7,1409,2.0,1409.0,1409,1,2002
7,1478,2.0,1454.0,1478,2,1991
7,918,1.0,852.0,918,1,1975
6,1026,2.0,970.0,1026,1,1974
7,1501,2.0,1501.0,1501,2,1987
6,2279,2.0,585.0,2279,2,1958
7,1689,2.0,1689.0,1689,2,2006
8,1564,2.0,1546.0,1564,2,2006
7,1240,2.0,1265.0,1240,2,1985
8,1312,2.0,1267.0,1312,2,2001
8,1922,3.0,1922.0,1922,2,2002
6,1491,2.0,1491.0,1491,2,1996
7,2486,2.0,1122.0,1146,3,2003
10,1824,3.0,1824.0,1824,2,2006
3,2034,4.0,0.0,2034,1,1953
6,936,2.0,920.0,936,0,1996
4,1092,1.0,546.0,546,1,1972
4,992,1.0,530.0,530,1,1970
4,1092,0.0,546.0,546,1,1970
4,1092,1.0,546.0,546,1,1976
5,1008,2.0,923.0,1008,1,1977
6,1356,2.0,1244.0,1356,2,1977
5,1676,2.0,1160.0,1676,1,1977
5,1432,2.0,716.0,716,1,1977
5,796,0.0,796.0,796,1,1971
4,1608,1.0,1396.0,1608,1,1961
5,1178,2.0,1090.0,1178,1,1976
5,816,1.0,816.0,816,1,1983
5,887,1.0,864.0,887,1,1984
6,1293,2.0,1178.0,1293,2,1954
6,1024,1.0,1008.0,1024,1,1956
5,1797,3.0,1617.0,1797,1,1957
6,1390,2.0,1705.0,1390,1,1957
7,1851,2.0,1851.0,1851,2,1969
6,1525,2.0,813.0,813,2,1997
6,1671,2.0,781.0,781,2,1995
6,1776,2.0,821.0,821,2,1996
8,2064,2.0,1074.0,1074,2,2005
7,2212,3.0,1700.0,1700,2,2005
8,2687,2.0,2062.0,2079,2,1994
6,1169,2.0,1160.0,1169,2,1993
8,1204,2.0,1191.0,1204,2,1987
9,2798,3.0,1398.0,1414,3,2005
10,3390,3.0,1528.0,1528,3,2006
9,2473,3.0,1094.0,1102,2,2006
10,2698,3.0,1850.0,1850,2,2006
9,2795,3.0,1390.0,1390,3,2005
9,1714,2.0,1714.0,1714,2,2005
9,2000,3.0,1910.0,2000,2,2005
6,1102,2.0,988.0,1102,1,1980
7,1857,2.0,945.0,945,2,1978
7,1083,2.0,1047.0,1083,1,1976
7,2318,2.0,960.0,960,2,2005
6,1875,2.0,675.0,1109,3,1975
6,1103,2.0,1103.0,1103,2,1974
4,874,2.0,864.0,874,1,1971
6,1419,2.0,1487.0,1419,2,2002
6,1092,2.0,525.0,525,1,1973
5,1365,2.0,765.0,765,1,1973
6,1030,1.0,494.0,494,1,1972
6,948,1.0,483.0,483,1,1972
6,1092,1.0,525.0,525,1,1972
6,1069,2.0,1069.0,1069,2,1975
5,1387,1.0,943.0,1387,1,1967
7,1055,1.0,1055.0,1055,2,1976
6,1456,2.0,855.0,855,2,1976
9,2589,3.0,1738.0,1738,2,2006
8,1618,3.0,1618.0,1618,2,2004
7,1740,3.0,1721.0,1740,2,2006
9,1868,3.0,1868.0,1868,2,2005
9,2206,3.0,1090.0,1117,2,2005
9,2091,2.0,1606.0,1625,2,2005
8,2253,2.0,1209.0,1209,2,2005
8,2389,3.0,1054.0,1054,2,2006
8,2358,3.0,1524.0,1544,2,2005
9,1792,3.0,1792.0,1792,2,2005
9,1780,3.0,1780.0,1780,2,2004
8,1914,3.0,1420.0,1426,2,2004
9,1565,2.0,1560.0,1565,2,2005
9,1686,3.0,1686.0,1686,2,2006
9,1666,2.0,1666.0,1666,2,2006
6,1456,2.0,728.0,728,2,2005
7,1492,2.0,738.0,738,2,2006
6,1326,2.0,1326.0,1326,2,2006
8,2373,3.0,1052.0,1052,2,2004
7,1492,2.0,738.0,738,2,2006
7,1364,2.0,1220.0,1364,2,2006
7,1511,2.0,1368.0,1511,2,2002
7,1548,2.0,1365.0,1548,2,2004
7,1142,2.0,1142.0,1142,2,2005
7,1598,2.0,848.0,848,2,2004
6,1889,2.0,982.0,1008,2,2000
7,2322,3.0,1035.0,1082,3,2006
8,1976,3.0,1044.0,1079,2,1998
8,2234,3.0,1160.0,1205,2,2000
9,2855,3.0,1540.0,1540,2,2000
8,2726,3.0,1342.0,1358,2,1995
9,3500,3.0,1733.0,1933,3,1993
8,2494,3.0,1290.0,1305,2,1994
8,2799,3.0,1286.0,1565,2,1993
8,1964,2.0,1100.0,1116,2,2005
8,1670,3.0,1670.0,1670,2,2006
8,1504,2.0,1504.0,1504,2,2006
8,1278,2.0,1278.0,1278,2,2006
9,2640,3.0,2036.0,2036,3,2006
6,1716,2.0,858.0,858,2,2005
6,1142,0.0,1142.0,1142,1,2005
7,1400,2.0,1400.0,1400,2,2005
6,1131,0.0,1131.0,1131,1,2005
7,1686,2.0,891.0,891,2,2005
7,1585,2.0,784.0,831,2,2005
6,1837,2.0,941.0,941,2,1997
6,1731,2.0,836.0,844,2,1992
6,1398,2.0,1398.0,1398,2,1990
6,1217,2.0,1217.0,1217,2,1991
6,1320,2.0,636.0,636,2,1994
5,988,2.0,988.0,988,1,1962
6,1654,2.0,0.0,1286,2,1977
5,1211,2.0,864.0,1211,1,1962
5,984,1.0,984.0,984,1,1965
5,909,1.0,882.0,909,1,1968
5,925,2.0,925.0,925,1,1963
5,1024,1.0,1024.0,1024,1,1965
5,912,0.0,912.0,912,1,1964
5,941,1.0,912.0,941,1,1967
7,2646,2.0,1748.0,2151,2,1974
8,2826,3.0,1334.0,1520,2,1992
7,1143,2.0,1143.0,1143,1,2004
7,1223,2.0,600.0,520,2,2005
6,1524,2.0,756.0,768,2,2000
7,1080,2.0,530.0,530,2,2003
7,1694,1.0,569.0,854,2,1997
8,1568,2.0,1568.0,1568,2,2001
5,1193,2.0,1153.0,1193,2,1972
7,1334,2.0,1334.0,1334,2,1967
5,1051,2.0,1051.0,1051,1,1968
5,1770,2.0,900.0,884,1,1968
6,976,2.0,976.0,976,1,1968
5,898,1.0,833.0,898,1,1968
5,1051,1.0,1051.0,1051,1,1966
5,1141,1.0,1141.0,1141,1,1967
6,1565,1.0,1187.0,1565,2,1965
6,1488,2.0,1008.0,1488,1,1964
5,1440,2.0,720.0,720,1,1964
5,1248,1.0,1248.0,1248,1,1960
6,816,1.0,816.0,816,1,1934
5,1043,1.0,938.0,1043,1,1947
5,1433,2.0,1251.0,1433,1,1961
5,1624,1.0,1444.0,1624,1,1952
5,1216,1.0,1056.0,1216,1,1951
5,1728,1.0,704.0,1024,1,1949
5,936,1.0,936.0,936,1,1954
5,1584,2.0,1584.0,1584,2,1967
6,1246,2.0,1246.0,1246,1,1964
6,1008,2.0,1008.0,1008,1,1963
5,1364,1.0,1179.0,1364,1,1957
6,1336,2.0,1121.0,1336,1,1958
5,1370,1.0,1058.0,1370,1,1956
6,1124,1.0,1124.0,1124,1,1956
6,1050,1.0,1050.0,1050,1,1954
5,1008,1.0,1008.0,1008,1,1952
6,1575,2.0,216.0,1575,1,1951
5,1145,2.0,301.0,1145,1,1956
5,1005,1.0,1005.0,1005,1,1956
5,1056,1.0,1056.0,1056,1,1955
5,884,1.0,884.0,884,1,1951
7,2039,3.0,929.0,2039,1,1941
5,1384,2.0,1015.0,1384,1,1956
5,2640,3.0,2171.0,1392,2,1925
6,1312,2.0,784.0,900,1,1947
3,713,1.0,713.0,713,1,1930
3,715,2.0,715.0,715,1,1929
4,720,1.0,448.0,448,1,1900
6,1595,2.0,663.0,774,2,1915
4,1760,2.0,1077.0,981,1,1910
6,1146,1.0,1083.0,1146,1,1963
6,1207,1.0,1135.0,1207,1,1962
6,1773,2.0,1313.0,1773,2,1961
7,1472,2.0,0.0,1472,2,1959
7,2448,2.0,1438.0,1900,3,1962
4,1521,1.0,910.0,910,1,1950
3,1040,2.0,0.0,1040,2,1950
5,1556,0.0,1556.0,1556,2,1960
5,1150,1.0,1150.0,1150,1,1961
7,1045,2.0,1045.0,1045,1,1962
5,864,1.0,864.0,864,1,1962
5,1025,0.0,1025.0,1025,1,1962
5,2014,2.0,716.0,1007,2,1900
5,1668,1.0,1212.0,1226,1,1948
4,1657,1.0,1147.0,1147,1,1920
6,1416,2.0,780.0,940,1,1900
7,1428,2.0,712.0,848,1,1900
7,1004,1.0,502.0,502,1,1930
4,1951,2.0,938.0,1084,2,1900
6,1032,1.0,1032.0,1032,1,1924
5,844,1.0,844.0,844,1,1925
4,864,1.0,576.0,864,1,1950
3,1376,1.0,738.0,714,1,1905
5,960,2.0,960.0,960,1,1955
5,1566,2.0,816.0,816,1,1924
3,492,1.0,492.0,492,1,1921
6,1182,1.0,770.0,885,1,1945
3,840,1.0,798.0,840,1,1920
7,2104,2.0,1226.0,1226,2,1910
5,1248,0.0,624.0,624,2,1920
5,960,2.0,960.0,960,1,1958
3,1020,0.0,1020.0,1020,1,1918
6,1827,1.0,848.0,1017,1,1924
3,1162,1.0,728.0,728,1,1930
5,1324,1.0,741.0,741,1,1930
5,816,1.0,816.0,816,1,1925
6,2486,2.0,1595.0,1611,2,1962
4,1430,2.0,596.0,834,2,1924
5,1330,1.0,396.0,665,1,1910
5,819,0.0,610.0,819,1,1919
6,984,1.0,984.0,984,1,1930
5,1422,1.0,806.0,1081,1,1951
6,1921,2.0,1921.0,1921,2,1964
5,1640,2.0,0.0,1640,1,1950
5,1032,1.0,0.0,1032,1,1935
5,879,1.0,830.0,879,1,1936
7,1073,1.0,1073.0,1073,2,2004
5,1064,2.0,1064.0,1064,1,1967
6,934,1.0,912.0,934,1,1964
5,1059,1.0,1059.0,1059,1,1966
5,1458,2.0,1176.0,1458,1,1967
6,1040,2.0,960.0,1040,1,1978
5,1967,2.0,1967.0,1967,2,1977
5,1949,2.0,1949.0,1949,2,1977
5,872,1.0,872.0,872,1,1924
7,1830,2.0,1865.0,1830,1,1967
5,1000,2.0,1000.0,1000,1,1963
5,810,2.0,782.0,810,1,1971
7,1700,1.0,430.0,880,2,1980
4,1350,2.0,967.0,1350,1,1954
5,1150,1.0,799.0,799,1,1942
6,2009,3.0,672.0,1337,2,1928
6,3672,2.0,1836.0,1836,3,1935
5,1560,2.0,1776.0,1560,2,1962
5,1488,2.0,0.0,1488,1,1952
5,1057,1.0,1057.0,1057,1,1955
6,1609,1.0,1000.0,1068,1,1953
6,2559,2.0,868.0,1313,2,1989
6,1440,4.0,1344.0,1440,2,1993
7,1876,3.0,1308.0,1308,2,2005
7,1208,2.0,1208.0,1208,2,2005
6,1846,2.0,1836.0,1846,2,2006
8,1590,3.0,1570.0,1590,2,2005
7,1809,2.0,945.0,945,2,2005
7,1614,2.0,1614.0,1614,2,2005
7,1596,2.0,784.0,784,2,2005
6,1388,2.0,1388.0,1388,2,1968
5,1100,2.0,1100.0,1100,1,1996
6,1499,2.0,781.0,795,2,1995
7,1425,2.0,1425.0,1425,2,1998
7,1749,2.0,842.0,856,2,1999
7,1779,2.0,951.0,951,2,1999
6,1388,1.0,675.0,686,1,1977
6,1282,3.0,995.0,1282,2,1978
5,864,1.0,864.0,864,1,1972
7,1762,2.0,826.0,878,2,2002
6,1755,2.0,840.0,840,2,1999
8,1358,2.0,1348.0,1358,1,2002
7,1909,2.0,872.0,872,2,2002
8,2214,3.0,1090.0,1090,2,1999
7,2049,2.0,1065.0,1065,2,1996
7,1939,3.0,1054.0,1070,2,1998
7,1995,2.0,930.0,950,2,1995
6,848,2.0,848.0,848,1,2003
7,1390,2.0,1390.0,1390,2,2003
7,1737,2.0,851.0,851,2,2006
7,1611,2.0,784.0,784,2,2005
7,1336,2.0,1336.0,1336,2,2005
4,1436,2.0,676.0,760,2,1910
6,1012,0.0,976.0,1012,2,1975
5,1176,1.0,1176.0,1176,1,1969
7,1724,2.0,796.0,806,2,2003
6,914,0.0,914.0,914,1,2002
7,2314,2.0,1150.0,1164,2,2003
6,1072,2.0,547.0,1072,1,2005
7,1709,2.0,970.0,970,2,2004
4,936,1.0,624.0,624,1,1948
6,1338,2.0,832.0,846,2,1915
4,1669,1.0,1093.0,1093,1,1924
4,1482,2.0,954.0,1482,2,1954
4,1414,0.0,864.0,964,1,1922
2,498,1.0,498.0,498,1,1922
4,1273,1.0,616.0,1055,1,1910
5,1551,1.0,1058.0,1058,2,1938
6,1340,1.0,780.0,816,1,1945
7,1479,1.0,624.0,743,1,1926
6,1510,1.0,755.0,755,1,1920
7,1636,1.0,818.0,818,1,1919
5,1465,1.0,992.0,992,2,1939
5,1288,1.0,824.0,824,1,1941
6,1550,1.0,817.0,940,1,1920
5,1717,1.0,901.0,1125,1,1940
7,1671,2.0,1022.0,1122,2,1929
7,1609,3.0,637.0,959,1,1932
6,1801,2.0,697.0,1104,1,1930
5,2315,1.0,1168.0,1278,2,1950
5,976,1.0,976.0,976,1,1942
6,1285,2.0,861.0,861,1,1926
4,672,0.0,432.0,672,1,1925
4,641,1.0,641.0,641,1,1925
6,1638,1.0,967.0,967,2,1957
3,729,0.0,0.0,729,1,1945
5,1396,0.0,660.0,1060,2,1951
3,936,0.0,216.0,576,1,1916
8,1778,2.0,1573.0,1778,2,2005
8,1646,2.0,1594.0,1646,2,2004
6,1625,2.0,1625.0,1625,2,1979
6,1664,2.0,1664.0,1664,2,1978
8,1491,2.0,1491.0,1491,2,2001
6,1210,2.0,1128.0,1210,2,1975
6,1650,2.0,1632.0,1650,1,1958
6,1403,2.0,1381.0,1403,2,2000
8,1960,3.0,1728.0,1960,2,2005
9,1838,3.0,1838.0,1838,2,2005
1,1600,1.0,0.0,1600,1,1951
7,1368,4.0,1288.0,1368,2,1997
5,1304,1.0,264.0,616,1,1977
5,874,1.0,864.0,874,1,1968
5,1652,3.0,1652.0,1652,2,1970
4,630,0.0,630.0,630,1,1970
4,1092,1.0,546.0,546,1,1972
5,1360,1.0,1104.0,1360,1,1969
4,1092,1.0,546.0,546,1,1970
4,1092,0.0,546.0,546,1,1970
4,1092,0.0,546.0,546,1,1970
4,1092,1.0,546.0,546,1,1970
5,1224,2.0,1224.0,1224,1,1960
5,970,0.0,912.0,970,1,1992
7,2000,3.0,996.0,996,2,1993
